epoch,time,train/box_loss,train/cls_loss,train/dfl_loss,metrics/precision(B),metrics/recall(B),metrics/mAP50(B),metrics/mAP50-95(B),val/box_loss,val/cls_loss,val/dfl_loss,lr/pg0,lr/pg1,lr/pg2
1,4.14583,2.51322,11.5948,0.01671,0,0,0,0,1.53858,9.52204,0.01519,4e-05,4e-05,4e-05
2,9.44159,3.86005,12.3227,0.02458,0,0,0,0,1.59195,9.57419,0.01652,9.901e-05,9.901e-05,9.901e-05
3,13.9919,2.84365,10.914,0.02042,0,0,0,0,1.76985,9.83013,0.01717,0.000156832,0.000156832,0.000156832
4,18.3695,3.0584,10.982,0.02108,0,0,0,0,1.81569,9.91984,0.01765,0.000213466,0.000213466,0.000213466
5,21.9788,2.63571,10.3204,0.01753,0,0,0,0,1.81569,9.91984,0.01765,0.000268912,0.000268912,0.000268912
6,26.5956,2.83918,8.72275,0.01465,0,0,0,0,1.63747,10.4052,0.01016,0.00032317,0.00032317,0.00032317
7,30.4092,2.28942,7.82154,0.01201,0,0,0,0,1.63747,10.4052,0.01016,0.00037624,0.00037624,0.00037624
8,35.8689,1.85584,12.0742,0.01535,0,0,0,0,1.63747,10.4052,0.01016,0.000428122,0.000428122,0.000428122
9,40.7505,2.64131,11.7009,0.0162,0,0,0,0,1.26653,10.6698,0.00753,0.000478816,0.000478816,0.000478816
10,44.7743,2.46464,8.51393,0.00959,0,0,0,0,1.26653,10.6698,0.00753,0.000528322,0.000528322,0.000528322
11,53.0865,1.95272,8.85429,0.01083,0,0,0,0,1.26653,10.6698,0.00753,0.00057664,0.00057664,0.00057664
12,63.4749,1.85141,9.31812,0.01459,0,0,0,0,1.26653,10.6698,0.00753,0.00062377,0.00062377,0.00062377
13,69.5064,1.49398,11.7536,0.01041,0,0,0,0,0.88757,10.7947,0.00389,0.000669712,0.000669712,0.000669712
14,74.0589,1.63026,11.7131,0.01868,0,0,0,0,0.88757,10.7947,0.00389,0.000714466,0.000714466,0.000714466
15,78.0718,0.94431,7.84396,0.0058,0,0,0,0,0.88757,10.7947,0.00389,0.000758032,0.000758032,0.000758032
16,83.0821,1.26083,8.66564,0.0083,0,0,0,0,0.88757,10.7947,0.00389,0.00080041,0.00080041,0.00080041
17,87.4891,1.5913,5.61756,0.00591,0,0,0,0,0.88757,10.7947,0.00389,0.0008416,0.0008416,0.0008416
18,93.2477,1.06484,10.3314,0.01101,0.00333,1,0.995,0.398,1.01889,10.5668,0.00959,0.000881602,0.000881602,0.000881602
19,99.9109,1.16945,9.20242,0.00918,0.00333,1,0.995,0.398,1.01889,10.5668,0.00959,0.000920416,0.000920416,0.000920416
20,106.105,1.15833,11.0603,0.00802,0.00333,1,0.995,0.398,1.01889,10.5668,0.00959,0.000958042,0.000958042,0.000958042
21,110.78,1.2894,11.1795,0.009,0.00333,1,0.995,0.398,1.01889,10.5668,0.00959,0.00099448,0.00099448,0.00099448
22,116.113,1.62317,8.5317,0.00818,0.00333,1,0.995,0.398,1.01889,10.5668,0.00959,0.00102973,0.00102973,0.00102973
23,120.982,1.29224,9.01934,0.00973,0.00333,1,0.995,0.398,1.01889,10.5668,0.00959,0.00106379,0.00106379,0.00106379
24,127.734,1.17731,10.0975,0.00906,0.00333,1,0.995,0.398,1.01889,10.5668,0.00959,0.00109667,0.00109667,0.00109667
25,133.736,0.9509,9.73793,0.00709,0.00333,1,0.995,0.398,1.01889,10.5668,0.00959,0.00112835,0.00112835,0.00112835
26,139.581,1.51069,9.76726,0.00931,0.00333,1,0.995,0.398,1.01889,10.5668,0.00959,0.00115885,0.00115885,0.00115885
27,145.769,1.53869,11.1222,0.01091,0.00333,1,0.995,0.20611,1.26249,9.65486,0.01126,0.00118816,0.00118816,0.00118816
28,151.807,1.40728,6.88706,0.00725,0.00333,1,0.995,0.20611,1.26249,9.65486,0.01126,0.00121628,0.00121628,0.00121628
29,156.682,1.36898,9.97985,0.00626,0.00333,1,0.995,0.20611,1.26249,9.65486,0.01126,0.00124322,0.00124322,0.00124322
30,162.346,1.21271,9.43319,0.00575,0.00333,1,0.995,0.20611,1.26249,9.65486,0.01126,0.00126896,0.00126896,0.00126896
31,168.494,1.00014,10.0324,0.00898,0.00333,1,0.995,0.20611,1.26249,9.65486,0.01126,0.00129352,0.00129352,0.00129352
32,173.346,1.14616,9.66061,0.00536,0.00333,1,0.995,0.20611,1.26249,9.65486,0.01126,0.00131689,0.00131689,0.00131689
33,178.264,0.96024,9.09929,0.00658,0.00333,1,0.995,0.20611,1.26249,9.65486,0.01126,0.00133907,0.00133907,0.00133907
34,183.382,1.40915,8.46756,0.00868,0.00333,1,0.995,0.20611,1.26249,9.65486,0.01126,0.0013466,0.0013466,0.0013466
35,188.708,1.17268,8.68855,0.00875,0.00333,1,0.995,0.20611,1.26249,9.65486,0.01126,0.0013268,0.0013268,0.0013268
36,194.419,1.16576,13.1452,0.01223,0.00333,1,0.995,0.20611,1.26249,9.65486,0.01126,0.001307,0.001307,0.001307
37,199.079,1.51728,8.64274,0.0096,0.00333,1,0.995,0.12746,0.996,10.0901,0.00666,0.0012872,0.0012872,0.0012872
38,204.194,1.34587,8.77621,0.00651,0.00333,1,0.995,0.12746,0.996,10.0901,0.00666,0.0012674,0.0012674,0.0012674
39,209.173,1.39447,9.01225,0.01242,0.00333,1,0.995,0.12746,0.996,10.0901,0.00666,0.0012476,0.0012476,0.0012476
40,214.15,1.11173,7.09964,0.00585,0.00333,1,0.995,0.12746,0.996,10.0901,0.00666,0.0012278,0.0012278,0.0012278
41,218.949,1.59325,6.30843,0.00708,0.00333,1,0.995,0.12746,0.996,10.0901,0.00666,0.001208,0.001208,0.001208
42,224.815,1.51648,7.98378,0.00993,0.00333,1,0.995,0.12746,0.996,10.0901,0.00666,0.0011882,0.0011882,0.0011882
43,229.702,1.35895,8.50296,0.0091,0.00333,1,0.995,0.12746,0.996,10.0901,0.00666,0.0011684,0.0011684,0.0011684
44,234.566,1.52783,5.02191,0.00637,0.00333,1,0.995,0.12746,0.996,10.0901,0.00666,0.0011486,0.0011486,0.0011486
45,239.502,1.23687,9.65038,0.00822,0.00333,1,0.995,0.12746,0.996,10.0901,0.00666,0.0011288,0.0011288,0.0011288
46,243.793,1.43151,10.8447,0.00743,0.00333,1,0.995,0.12746,0.996,10.0901,0.00666,0.001109,0.001109,0.001109
47,248.822,1.62843,7.40815,0.00983,0.00333,1,0.995,0.12746,0.996,10.0901,0.00666,0.0010892,0.0010892,0.0010892
48,256.853,1.46974,7.16322,0.00871,0.59452,1,0.995,0.17758,1.01845,9.5,0.00392,0.0010694,0.0010694,0.0010694
49,263.115,1.08463,6.84188,0.0065,0.59452,1,0.995,0.17758,1.01845,9.5,0.00392,0.0010496,0.0010496,0.0010496
50,268.945,1.14252,9.72586,0.00783,0.59452,1,0.995,0.17758,1.01845,9.5,0.00392,0.0010298,0.0010298,0.0010298
51,274.332,1.57462,6.55085,0.00714,0.59452,1,0.995,0.17758,1.01845,9.5,0.00392,0.00101,0.00101,0.00101
52,279.287,1.20488,6.81606,0.00594,0.59452,1,0.995,0.17758,1.01845,9.5,0.00392,0.0009902,0.0009902,0.0009902
53,284.205,1.55612,11.1814,0.00774,0.59452,1,0.995,0.17758,1.01845,9.5,0.00392,0.0009704,0.0009704,0.0009704
54,289.609,1.31748,8.59741,0.00919,0.59452,1,0.995,0.17758,1.01845,9.5,0.00392,0.0009506,0.0009506,0.0009506
55,294.237,1.13137,6.67922,0.00598,0.59452,1,0.995,0.17758,1.01845,9.5,0.00392,0.0009308,0.0009308,0.0009308
56,299.12,0.79558,7.07031,0.00517,0.59452,1,0.995,0.17758,1.01845,9.5,0.00392,0.000911,0.000911,0.000911
57,304.037,1.73396,8.38378,0.00796,0.59452,1,0.995,0.17758,1.01845,9.5,0.00392,0.0008912,0.0008912,0.0008912
58,308.713,1.65346,10.0317,0.01158,0.59452,1,0.995,0.17758,1.01845,9.5,0.00392,0.0008714,0.0008714,0.0008714
59,314.061,1.30793,5.95353,0.00782,0.25058,1,0.995,0.56476,0.85495,8.84688,0.00616,0.0008516,0.0008516,0.0008516
60,318.906,1.62337,6.56544,0.00805,0.25058,1,0.995,0.56476,0.85495,8.84688,0.00616,0.0008318,0.0008318,0.0008318
61,323.926,1.49653,6.37131,0.0052,0.25058,1,0.995,0.56476,0.85495,8.84688,0.00616,0.000812,0.000812,0.000812
62,328.86,1.0396,9.31776,0.00448,0.25058,1,0.995,0.56476,0.85495,8.84688,0.00616,0.0007922,0.0007922,0.0007922
63,333.369,1.08734,5.06473,0.00497,0.25058,1,0.995,0.56476,0.85495,8.84688,0.00616,0.0007724,0.0007724,0.0007724
64,338.896,1.11019,6.83065,0.00896,0.25058,1,0.995,0.56476,0.85495,8.84688,0.00616,0.0007526,0.0007526,0.0007526
65,344.369,1.13688,6.90777,0.00566,0.25058,1,0.995,0.56476,0.85495,8.84688,0.00616,0.0007328,0.0007328,0.0007328
66,349.459,1.12314,4.64549,0.00572,0.25058,1,0.995,0.56476,0.85495,8.84688,0.00616,0.000713,0.000713,0.000713
67,354.29,1.23388,5.17602,0.00555,0.25058,1,0.995,0.56476,0.85495,8.84688,0.00616,0.0006932,0.0006932,0.0006932
68,358.079,1.06381,8.02023,0.00748,0.25058,1,0.995,0.56476,0.85495,8.84688,0.00616,0.0006734,0.0006734,0.0006734
69,362.786,1.11255,11.6461,0.00611,0.38554,1,0.995,0.796,0.85733,7.85656,0.00678,0.0006536,0.0006536,0.0006536
70,368.67,1.46456,8.0516,0.00923,0.38554,1,0.995,0.796,0.85733,7.85656,0.00678,0.0006338,0.0006338,0.0006338
71,373.751,1.12376,7.6889,0.00813,0.38554,1,0.995,0.796,0.85733,7.85656,0.00678,0.000614,0.000614,0.000614
72,378.558,1.19931,6.61339,0.00803,0.38554,1,0.995,0.796,0.85733,7.85656,0.00678,0.0005942,0.0005942,0.0005942
73,382.838,0.69453,10.1218,0.00591,0.38554,1,0.995,0.796,0.85733,7.85656,0.00678,0.0005744,0.0005744,0.0005744
74,387.692,1.2041,7.97293,0.00774,0.38554,1,0.995,0.796,0.85733,7.85656,0.00678,0.0005546,0.0005546,0.0005546
75,393.111,0.94599,7.02296,0.00653,0.38554,1,0.995,0.796,0.85733,7.85656,0.00678,0.0005348,0.0005348,0.0005348
76,397.717,0.8812,8.5243,0.00427,0.38554,1,0.995,0.796,0.85733,7.85656,0.00678,0.000515,0.000515,0.000515
77,406.537,0.76484,9.37319,0.00563,0.38554,1,0.995,0.796,0.85733,7.85656,0.00678,0.0004952,0.0004952,0.0004952
78,413.162,1.0637,4.39886,0.00366,0.38554,1,0.995,0.796,0.85733,7.85656,0.00678,0.0004754,0.0004754,0.0004754
79,417.953,1.4136,9.49237,0.00956,0.38554,1,0.995,0.796,0.85733,7.85656,0.00678,0.0004556,0.0004556,0.0004556
80,422.467,1.24769,4.13485,0.00489,0.2452,1,0.995,0.79969,0.79876,7.82263,0.00652,0.0004358,0.0004358,0.0004358
81,427.69,0.671,8.38473,0.00414,0.2452,1,0.995,0.79969,0.79876,7.82263,0.00652,0.000416,0.000416,0.000416
82,432.309,1.26736,5.54074,0.00607,0.2452,1,0.995,0.79969,0.79876,7.82263,0.00652,0.0003962,0.0003962,0.0003962
83,436.409,1.11002,8.41602,0.00555,0.2452,1,0.995,0.79969,0.79876,7.82263,0.00652,0.0003764,0.0003764,0.0003764
84,440.94,1.05046,8.50212,0.00899,0.2452,1,0.995,0.79969,0.79876,7.82263,0.00652,0.0003566,0.0003566,0.0003566
85,445.087,0.97639,7.24464,0.00608,0.2452,1,0.995,0.79969,0.79876,7.82263,0.00652,0.0003368,0.0003368,0.0003368
86,450.044,0.93423,5.40006,0.00508,0.2452,1,0.995,0.79969,0.79876,7.82263,0.00652,0.000317,0.000317,0.000317
87,455.716,0.92393,9.86725,0.00519,0.2452,1,0.995,0.79969,0.79876,7.82263,0.00652,0.0002972,0.0002972,0.0002972
88,460.11,0.89629,6.69508,0.00673,0.2452,1,0.995,0.79969,0.79876,7.82263,0.00652,0.0002774,0.0002774,0.0002774
89,464.076,0.73632,7.53106,0.00462,0.2452,1,0.995,0.79969,0.79876,7.82263,0.00652,0.0002576,0.0002576,0.0002576
90,469.364,1.13791,7.32057,0.00717,0.2452,1,0.995,0.79969,0.79876,7.82263,0.00652,0.0002378,0.0002378,0.0002378
91,473.647,1.04386,6.44457,0.00482,0.29337,1,0.995,0.80074,0.79251,7.81888,0.0061,0.000218,0.000218,0.000218
92,478.535,0.84287,5.62767,0.00386,0.29337,1,0.995,0.80074,0.79251,7.81888,0.0061,0.0001982,0.0001982,0.0001982
93,483.862,1.11325,7.48411,0.00717,0.29337,1,0.995,0.80074,0.79251,7.81888,0.0061,0.0001784,0.0001784,0.0001784
94,488.931,1.50849,8.07159,0.01044,0.29337,1,0.995,0.80074,0.79251,7.81888,0.0061,0.0001586,0.0001586,0.0001586
95,494.225,1.10325,7.19941,0.00727,0.29337,1,0.995,0.80074,0.79251,7.81888,0.0061,0.0001388,0.0001388,0.0001388
96,499.728,1.02491,5.41949,0.00608,0.29337,1,0.995,0.80074,0.79251,7.81888,0.0061,0.000119,0.000119,0.000119
97,504.545,1.23346,7.01081,0.00692,0.29337,1,0.995,0.80074,0.79251,7.81888,0.0061,9.92e-05,9.92e-05,9.92e-05
98,509.022,1.03724,7.71695,0.00647,0.29337,1,0.995,0.80074,0.79251,7.81888,0.0061,7.94e-05,7.94e-05,7.94e-05
99,513.433,1.03639,4.96108,0.00464,0.29337,1,0.995,0.80074,0.79251,7.81888,0.0061,5.96e-05,5.96e-05,5.96e-05
100,517.774,1.20316,8.59618,0.00881,0.29337,1,0.995,0.80074,0.79251,7.81888,0.0061,3.98e-05,3.98e-05,3.98e-05
