sample,point,x,top_y,bottom_y,diameter,deviation,outlier,confidence
sample_03,1,30,311.0,774.0,463.0,1.0,NORMAL,0.6701267957687378
sample_03,2,33,311.0,774.0,463.0,1.0,NORMAL,0.6701267957687378
sample_03,3,37,311.0,774.0,463.0,1.0,NORMAL,0.6701267957687378
sample_03,4,40,310.06521796819544,774.0397488237486,463.97453085555316,0.025469144446844894,NORMAL,0.6701267957687378
sample_03,5,44,310.0,774.0208334094948,464.0208334094948,0.020833409494798616,NORMAL,0.6701267957687378
sample_03,6,48,310.0,774.0099601569406,464.00996015694056,0.009960156940564957,NORMAL,0.6701267957687378
sample_03,7,51,310.0,774.0,464.0,0.0,NORMAL,0.6701267957687378
sample_03,8,55,310.0,774.0,464.0,0.0,NORMAL,0.6701267957687378
sample_03,9,59,310.0,774.0,464.0,0.0,NORMAL,0.6701267957687378
sample_03,10,62,309.0,773.9917355873457,464.9917355873457,0.9917355873457154,NORMAL,0.6701267957687378
sample_03,11,66,310.0,774.0,464.0,0.0,NORMAL,0.6701267957687378
sample_03,12,69,310.0,774.0,464.0,0.0,NORMAL,0.6701267957687378
sample_03,13,73,310.0,774.0,464.0,0.0,NORMAL,0.6701267957687378
sample_03,14,77,310.0,774.0,464.0,0.0,NORMAL,0.6701267957687378
sample_03,15,80,310.0,774.0,464.0,0.0,NORMAL,0.6701267957687378
sample_03,16,84,311.0,774.0,463.0,1.0,NORMAL,0.6701267957687378
sample_03,17,88,311.0,774.0,463.0,1.0,NORMAL,0.6701267957687378
sample_03,18,91,311.0,774.0,463.0,1.0,NORMAL,0.6701267957687378
sample_03,19,95,311.1612906103699,773.9327731149681,462.77148250459817,1.2285174954018316,NORMAL,0.6701267957687378
sample_03,20,99,314.0,774.0,460.0,4.0,NORMAL,0.6701267957687378
sample_03,21,102,312.0,774.0,462.0,2.0,NORMAL,0.6701267957687378
sample_03,22,106,312.576923173661,774.0,461.423076826339,2.5769231736609868,NORMAL,0.6701267957687378
sample_03,23,109,312.5353983555621,774.0,461.4646016444379,2.5353983555621085,NORMAL,0.6701267957687378
sample_03,24,113,312.58571434020996,774.0,461.41428565979004,2.585714340209961,NORMAL,0.6701267957687378
sample_03,25,117,312.8298429183435,773.8782385017296,461.0483955833861,2.951604416613918,NORMAL,0.6701267957687378
sample_03,26,120,312.97967479548726,773.9106279285166,460.9309531330294,3.0690468669706092,NORMAL,0.6701267957687378
sample_03,27,124,311.10869561096735,779.7727269574626,468.6640313464953,4.664031346495278,OUTLIER,0.6701267957687378
sample_03,28,128,230.70000152588472,773.9049999237061,543.2049983978213,79.20499839782133,OUTLIER,0.6701267957687378
sample_03,29,131,214.24999761581572,773.9154589558937,559.665461340078,95.66546134007797,OUTLIER,0.6701267957687378
sample_03,30,135,195.02941031273912,773.9148936526384,578.8854833398993,114.88548333989934,OUTLIER,0.6701267957687378
sample_03,31,139,215.33333015443108,773.88190942781,558.5485792733789,94.54857927337889,OUTLIER,0.6701267957687378
sample_04,1,31,315.0,777.9290540466525,462.9290540466525,0.9702515592634882,NORMAL,0.689749538898468
sample_04,2,34,314.0,777.9169492559918,463.91694925599177,0.017643650075797268,NORMAL,0.689749538898468
sample_04,3,38,314.0,777.899305605916,463.89930560591597,0.0,NORMAL,0.689749538898468
sample_04,4,42,314.0,777.9041811744803,463.9041811744803,0.004875568564330024,NORMAL,0.689749538898468
sample_04,5,45,314.0,777.9090909030282,463.9090909030282,0.00978529711221654,NORMAL,0.689749538898468
sample_04,6,49,314.0,777.9042553623211,463.9042553623211,0.004949756405153494,NORMAL,0.689749538898468
sample_04,7,53,314.0,777.8965516447596,463.8965516447596,0.0027539611563724975,NORMAL,0.689749538898468
sample_04,8,56,314.0,777.9041812395491,463.9041812395491,0.004875633633105281,NORMAL,0.689749538898468
sample_04,9,60,314.0,777.9367816335549,463.9367816335549,0.0374760276389452,NORMAL,0.689749538898468
sample_04,10,64,314.0,777.9069767287127,463.9069767287127,0.007671122796750751,NORMAL,0.689749538898468
sample_04,11,68,314.0,777.9007633323819,463.90076333238187,0.0014577264659010325,NORMAL,0.689749538898468
sample_04,12,71,314.0,777.9119849649487,463.9119849649487,0.012679359032745197,NORMAL,0.689749538898468
sample_04,13,75,314.0,777.9081632827829,463.9081632827829,0.00885767686690997,NORMAL,0.689749538898468
sample_04,14,79,315.0,777.8886463289455,462.88864632894547,1.0106592769705003,NORMAL,0.689749538898468
sample_04,15,82,315.0,777.8771185502346,462.8771185502346,1.0221870556813428,NORMAL,0.689749538898468
sample_04,16,86,315.0,777.8665338615143,462.8665338615143,1.032771744401657,NORMAL,0.689749538898468
sample_04,17,90,315.0,777.8347107750675,462.8347107750675,1.0645948308484776,NORMAL,0.689749538898468
sample_04,18,93,318.0,778.0,460.0,3.89930560591597,NORMAL,0.689749538898468
sample_04,19,97,316.0,777.8900414852377,461.8900414852377,2.0092641206782673,NORMAL,0.689749538898468
sample_04,20,101,316.0,778.0,462.0,1.8993056059159699,NORMAL,0.689749538898468
sample_04,21,105,316.19767396471934,777.8491379111899,461.6514639464706,2.2478416594453847,NORMAL,0.689749538898468
sample_04,22,108,316.499999715321,777.8390558164767,461.33905610115573,2.560249504760236,NORMAL,0.689749538898468
sample_04,23,112,316.76890766673665,777.8136362647223,461.0447285979856,2.854577007930345,NORMAL,0.689749538898468
sample_04,24,116,316.8580247339955,777.8127753104084,460.9547505764129,2.9445550295030785,NORMAL,0.689749538898468
sample_04,25,119,316.92145598629634,777.811403504369,460.88994751807263,3.0093580878433386,NORMAL,0.689749538898468
sample_04,26,123,316.92857140910866,777.8084113065806,460.879839897472,3.019465708443988,NORMAL,0.689749538898468
sample_04,27,127,231.35713974310767,777.7727274386557,546.4155876955481,82.51628208963211,OUTLIER,0.689749538898468
sample_04,28,130,230.62500089407266,777.7648400653306,547.139839171258,83.24053356534205,OUTLIER,0.689749538898468
sample_04,29,134,314.8983403537205,964.6249988079003,649.7266584541798,185.82735284826379,OUTLIER,0.689749538898468
sample_04,30,138,315.0,968.8333290947701,653.8333290947701,189.9340234888541,OUTLIER,0.689749538898468
sample_04,31,142,315.0,960.9285714285714,645.9285714285714,182.02926582265547,OUTLIER,0.689749538898468
sample_06,1,30,325.0,788.6398306468272,463.63983064682725,0.4572567030478467,NORMAL,0.7647799849510193
sample_06,2,33,325.0,788.6298701170022,463.62987011700216,0.46721723287294026,NORMAL,0.7647799849510193
sample_06,3,37,325.0,788.5048079832769,463.5048079832769,0.5922793665981771,NORMAL,0.7647799849510193
sample_06,4,40,325.0,788.475247336841,463.475247336841,0.6218400130341024,NORMAL,0.7647799849510193
sample_06,5,44,324.074467808804,788.5360826931593,464.4616148843553,0.36452753448020303,NORMAL,0.7647799849510193
sample_06,6,47,324.0,788.4039549788155,464.4039549788155,0.3068676289403811,NORMAL,0.7647799849510193
sample_06,7,51,324.0,788.3875738843592,464.3875738843592,0.2904865344841028,NORMAL,0.7647799849510193
sample_06,8,54,324.0,788.317073145202,464.317073145202,0.2199857953269202,NORMAL,0.7647799849510193
sample_06,9,58,324.0,788.1848482074159,464.18484820741594,0.08776085754084306,NORMAL,0.7647799849510193
sample_06,10,61,324.0,788.0354838217459,464.03548382174586,0.06160352812923975,NORMAL,0.7647799849510193
sample_06,11,65,324.0,788.0980860807365,464.0980860807365,0.0009987308613972345,NORMAL,0.7647799849510193
sample_06,12,68,324.0,788.1009851309568,464.1009851309568,0.0038977810817186764,NORMAL,0.7647799849510193
sample_06,13,72,324.0,788.0970873498751,464.0970873498751,0.0,NORMAL,0.7647799849510193
sample_06,14,75,324.0,788.0902439042545,464.0902439042545,0.006843445620575039,NORMAL,0.7647799849510193
sample_06,15,79,324.0,788.0728155393741,464.0728155393741,0.024271810500977153,NORMAL,0.7647799849510193
sample_06,16,83,324.0,788.0,464.0,0.09708734987509615,NORMAL,0.7647799849510193
sample_06,17,86,324.0,788.01818188754,464.01818188754,0.07890546233511486,NORMAL,0.7647799849510193
sample_06,18,90,326.0,788.0,462.0,2.097087349875096,NORMAL,0.7647799849510193
sample_06,19,93,328.3286711785011,895.0,566.671328821499,102.57424147162385,OUTLIER,0.7647799849510193
sample_06,20,97,326.36440667007474,787.9716157438016,461.6072090737269,2.489878276148204,NORMAL,0.7647799849510193
sample_06,21,100,319.7142833787466,787.9669603479811,468.25267696923447,4.155589619359375,OUTLIER,0.7647799849510193
sample_06,22,104,328.15193361374514,908.8636338415015,580.7117002277564,116.61461287788131,OUTLIER,0.7647799849510193
sample_06,23,107,326.5697674542391,787.9232365729771,461.35346911873796,2.743618231137134,OUTLIER,0.7647799849510193
sample_06,24,111,326.7604650915217,787.8875968866168,461.1271317950951,2.969955554779972,OUTLIER,0.7647799849510193
sample_06,25,114,326.7863070447469,787.8977273072093,461.1114202624624,2.9856670874127076,OUTLIER,0.7647799849510193
sample_06,26,118,326.776816594381,787.8897058153235,461.1128892209425,2.984198128932576,OUTLIER,0.7647799849510193
sample_06,27,121,325.15306110930214,791.3079998779297,466.1549387686275,2.0578514187524206,NORMAL,0.7647799849510193
sample_06,28,125,325.17307676436633,791.0,465.82692323563367,1.7298358857585754,NORMAL,0.7647799849510193
sample_06,29,128,247.0,787.8167260501482,540.8167260501482,76.7196387002731,OUTLIER,0.7647799849510193
sample_06,30,132,325.0595238834101,982.4090921701496,657.3495682867394,193.25248093686434,OUTLIER,0.7647799849510193
sample_06,31,136,225.0,787.779310328952,562.779310328952,98.68222297907687,OUTLIER,0.7647799849510193
sample_07,1,30,320.0,783.3378376567163,463.33783765671626,0.772201067625133,NORMAL,0.7841953039169312
sample_07,2,33,319.0,783.4282513703828,464.4282513703828,0.3182126460413883,NORMAL,0.7841953039169312
sample_07,3,37,319.0,783.2608695652174,464.2608695652174,0.15083084087598309,NORMAL,0.7841953039169312
sample_07,4,40,319.0,783.1753245959725,464.1753245959725,0.06528587163109023,NORMAL,0.7841953039169312
sample_07,5,44,319.0,783.1969693957171,464.19696939571713,0.08693067137573962,NORMAL,0.7841953039169312
sample_07,6,48,319.0,783.1543209682736,464.1543209682736,0.0442822439322299,NORMAL,0.7841953039169312
sample_07,7,51,319.0,783.1100387243414,464.1100387243414,0.0,NORMAL,0.7841953039169312
sample_07,8,55,319.0,783.1215140156719,464.1215140156719,0.011475291330498294,NORMAL,0.7841953039169312
sample_07,9,59,319.0,783.046075087546,464.046075087546,0.06396363679539263,NORMAL,0.7841953039169312
sample_07,10,62,319.0,783.0376711747149,464.0376711747149,0.07236754962650593,NORMAL,0.7841953039169312
sample_07,11,66,318.0,783.0475285253829,465.04752852538286,0.9374898010414654,NORMAL,0.7841953039169312
sample_07,12,69,319.0,783.0551331184532,464.0551331184532,0.054905605888166065,NORMAL,0.7841953039169312
sample_07,13,73,319.0,783.0574914225781,464.0574914225781,0.05254730176329758,NORMAL,0.7841953039169312
sample_07,14,77,319.0,783.0769229948424,464.07692299484245,0.03311572949894526,NORMAL,0.7841953039169312
sample_07,15,80,319.0,783.09566782728,464.09566782727995,0.014370897061439791,NORMAL,0.7841953039169312
sample_07,16,84,319.0,783.10147587971,464.10147587971005,0.008562844631342159,NORMAL,0.7841953039169312
sample_07,17,88,320.0,783.0724381082451,463.07243810824514,1.037600616096256,NORMAL,0.7841953039169312
sample_07,18,91,320.0,783.0422534728849,463.0422534728849,1.0677852514564847,NORMAL,0.7841953039169312
sample_07,19,95,321.0,783.0,462.0,2.1100387243413934,NORMAL,0.7841953039169312
sample_07,20,99,321.0,783.014285702608,462.01428570260805,2.095753021733344,NORMAL,0.7841953039169312
sample_07,21,102,321.0,783.0053004095612,462.0053004095612,2.1047383147802066,NORMAL,0.7841953039169312
sample_07,22,106,321.5909092949035,782.9833332676358,461.3924239727323,2.717614751609119,NORMAL,0.7841953039169312
sample_07,23,109,321.80258301544177,782.9782608806593,461.1756778652175,2.934360859123899,NORMAL,0.7841953039169312
sample_07,24,113,231.92857039055403,782.9584718273222,551.0299014367682,86.91986271242683,OUTLIER,0.7841953039169312
sample_07,25,117,276.3749976158233,782.9391892275033,506.56419161168003,42.45415288733864,OUTLIER,0.7841953039169312
sample_07,26,120,227.73077035937192,782.9280821058803,555.1973117465084,91.08727302216698,OUTLIER,0.7841953039169312
sample_07,27,124,242.28571506422307,782.9067796610169,540.6210645967939,76.51102587245248,OUTLIER,0.7841953039169312
sample_07,28,128,243.5,782.9019932493787,539.4019932493787,75.29195452503734,OUTLIER,0.7841953039169312
sample_07,29,131,225.65384637956737,782.8890676917366,557.2352213121692,93.1251825878278,OUTLIER,0.7841953039169312
sample_07,30,135,225.23333231608072,782.8779264730348,557.6445941569541,93.5345554326127,OUTLIER,0.7841953039169312
sample_07,31,139,225.28571448034202,782.8531468657387,557.5674323853967,93.45739366105533,OUTLIER,0.7841953039169312
sample_N01,1,38,383.1027411433833,857.9830507798795,474.8803096364962,214.4223218516408,NORMAL,0.6911805272102356
sample_N01,2,42,187.0999984741211,857.9640884723118,670.8640899981907,18.43854148994626,NORMAL,0.6911805272102356
sample_N01,3,47,383.196429447251,857.97632310261,474.779893655359,214.52273783277798,NORMAL,0.6911805272102356
sample_N01,4,51,175.05555696840997,857.9759207199902,682.9203637515802,6.3822677365567415,NORMAL,0.6911805272102356
sample_N01,5,56,172.78572207084468,857.9838709316555,685.1981488608108,4.104482627326206,NORMAL,0.6911805272102356
sample_N01,6,60,384.0,858.0127389341723,474.01273893417226,215.2898925539647,NORMAL,0.6911805272102356
sample_N01,7,65,167.69999618531727,857.9371257327731,690.2371295474559,0.934498059318912,NORMAL,0.6911805272102356
sample_N01,8,69,384.46240602366373,857.9285713474767,473.46616532381296,215.836466164324,NORMAL,0.6911805272102356
sample_N01,9,74,384.5979383733981,857.9263804348615,473.32844206146336,215.9741894266736,NORMAL,0.6911805272102356
sample_N01,10,78,139.07143012844617,857.9464832275193,718.875053099073,29.57242161093609,NORMAL,0.6911805272102356
sample_N01,11,83,384.83062324319684,857.9533762345792,473.12275299138236,216.1798784967546,NORMAL,0.6911805272102356
sample_N01,12,87,384.84123225747726,857.9605262348857,473.11929397740846,216.1833375107285,NORMAL,0.6911805272102356
sample_N01,13,92,153.38889041947957,857.9847457701637,704.5958553506841,15.293223862547165,NORMAL,0.6911805272102356
sample_N01,14,96,308.9444449153979,857.987889194798,549.0434442794001,140.25918720873688,NORMAL,0.6911805272102356
sample_N01,15,101,383.29518045294463,1067.4999923705473,684.2048119176027,5.097819570534284,NORMAL,0.6911805272102356
sample_N01,16,106,455.10098520686375,1113.2499952316466,658.1490100247829,31.153621463354057,NORMAL,0.6911805272102356
sample_N01,17,110,456.2012987806509,1113.0,656.7987012193491,32.503930268787826,NORMAL,0.6911805272102356
sample_N01,18,115,382.84256058834507,1072.0,689.1574394116549,0.14519207648208976,NORMAL,0.6911805272102356
sample_N01,19,119,382.81034481521556,1074.0,691.1896551847844,1.887023696647475,NORMAL,0.6911805272102356
sample_N01,20,124,382.7492013815298,1074.0,691.2507986184702,1.9481671303332178,NORMAL,0.6911805272102356
sample_N01,21,128,382.69736851186303,1072.0,689.302631488137,0.0,NORMAL,0.6911805272102356
sample_N01,22,133,112.0,857.9216028351581,745.9216028351581,56.6189713470211,NORMAL,0.6911805272102356
sample_N01,23,137,114.5,857.8972124532451,743.3972124532451,54.09458096510809,NORMAL,0.6911805272102356
sample_N01,24,142,111.2272730425374,857.8741496404454,746.646876597908,57.34424510977101,NORMAL,0.6911805272102356
sample_N01,25,146,117.62499821185895,857.8398057689097,740.2148075570508,50.91217606891382,NORMAL,0.6911805272102356
sample_N01,26,151,115.0,857.8139159055481,742.8139159055481,53.51128441741116,NORMAL,0.6911805272102356
sample_N01,27,155,109.0,857.8069619901706,748.8069619901706,59.50433050203367,NORMAL,0.6911805272102356
sample_N01,28,160,113.8333319204849,857.8010381650491,743.9677062445643,54.665074756427316,NORMAL,0.6911805272102356
sample_N01,29,164,112.6818191276122,857.7962963010534,745.1144771734412,55.811845685304206,NORMAL,0.6911805272102356
sample_N01,30,169,109.0,857.780405486823,748.780405486823,59.477773998686075,NORMAL,0.6911805272102356
sample_N01,31,174,110.83334181045993,857.7823920051048,746.9490501946449,57.646418706507916,NORMAL,0.6911805272102356
sample_N02,1,28,349.0,826.2490347268566,477.2490347268566,2.250582749574278,NORMAL,0.774206817150116
sample_N02,2,31,349.0,826.4759448554603,477.4759448554603,2.477492878177941,NORMAL,0.774206817150116
sample_N02,3,34,349.0,826.713622410952,477.713622410952,2.715170433669641,NORMAL,0.774206817150116
sample_N02,4,38,349.0,826.7123076468022,477.7123076468022,2.7138556695198304,NORMAL,0.774206817150116
sample_N02,5,41,349.0,826.6314102042904,477.63141020429043,2.632958227008089,NORMAL,0.774206817150116
sample_N02,6,45,350.0,826.3069496426041,476.3069496426041,1.3084976653217382,NORMAL,0.774206817150116
sample_N02,7,48,133.34615158895508,826.2611337032818,692.9149821143267,217.91653013704433,OUTLIER,0.774206817150116
sample_N02,8,51,350.0,826.0756579190905,476.07565791909053,1.077205941808188,NORMAL,0.774206817150116
sample_N02,9,55,352.0,826.0000000588687,474.00000005886875,0.9984519184135934,NORMAL,0.774206817150116
sample_N02,10,58,351.0,825.9984519772823,474.99845197728234,0.0,NORMAL,0.774206817150116
sample_N02,11,62,351.0,825.9798761108979,474.97987611089786,0.018575866384480832,NORMAL,0.774206817150116
sample_N02,12,65,351.0,826.011705699273,475.01170569927297,0.01325372199062258,NORMAL,0.774206817150116
sample_N02,13,68,136.83333192048488,826.0,689.1666680795151,214.1682161022328,OUTLIER,0.774206817150116
sample_N02,14,72,352.0,826.0,474.0,0.9984519772823433,NORMAL,0.774206817150116
sample_N02,15,75,124.78571117166213,826.0195729276486,701.2338617559865,226.23540977870414,OUTLIER,0.774206817150116
sample_N02,16,79,355.0,825.9855071942964,470.98550719429636,4.012944782985983,NORMAL,0.774206817150116
sample_N02,17,82,355.0,826.0162454789128,471.01624547891277,3.982206498369578,NORMAL,0.774206817150116
sample_N02,18,85,353.0,826.0,473.0,1.9984519772823433,NORMAL,0.774206817150116
sample_N02,19,89,353.72058813629684,826.0370370802075,472.31644894391064,2.6820030333717,NORMAL,0.774206817150116
sample_N02,20,92,355.47368460678996,825.9767024976892,470.50301789089923,4.4954340863831135,NORMAL,0.774206817150116
sample_N02,21,96,355.56329003902573,826.0,470.43670996097427,4.561742016308074,NORMAL,0.774206817150116
sample_N02,22,99,355.52469096265935,826.0,470.47530903734065,4.5231429399416925,NORMAL,0.774206817150116
sample_N02,23,102,355.47752799838497,826.0,470.52247200161503,4.475979975667315,NORMAL,0.774206817150116
sample_N02,24,106,355.5909086405319,826.0,470.4090913594681,4.589360617814236,NORMAL,0.774206817150116
sample_N02,25,109,355.5099008405177,826.0,470.4900991594823,4.5083528178000165,NORMAL,0.774206817150116
sample_N02,26,113,352.3163265941641,829.3507466850532,477.0344200908891,2.0359681136067707,NORMAL,0.774206817150116
sample_N02,27,116,355.5123450045659,826.0,470.4876549954341,4.510796981848216,NORMAL,0.774206817150116
sample_N02,28,119,352.18852479007427,829.394737053446,477.2062122633717,2.2077602860893535,NORMAL,0.774206817150116
sample_N02,29,123,355.95454403585813,825.9851063322083,470.0305622963501,4.967889680932217,NORMAL,0.774206817150116
sample_N02,30,126,352.09119495874546,829.0,476.90880504125454,1.9103530639721953,NORMAL,0.774206817150116
sample_N02,31,130,352.0857988926991,1040.6111134658586,688.5253145731594,213.5268625958771,OUTLIER,0.774206817150116
