epoch,time,train/box_loss,train/cls_loss,train/l1_loss,metrics/precision(B),metrics/recall(B),metrics/mAP50(B),metrics/mAP50-95(B),val/box_loss,val/cls_loss,val/l1_loss,lr/pg0,lr/pg1,lr/pg2
1,20.2241,3.21113,11.6526,0.02182,0,0,0,0,4.50145,24.7081,0.04227,0.000571429,0.000571429,0.000571429
2,34.9101,2.40917,12.1294,0.01561,0,0,0,0,2.30121,15.0729,0.01303,0.00122584,0.00122584,0.00122584
3,51.4581,1.89298,10.0605,0.0099,0,0,0,0,2.30121,15.0729,0.01303,0.00186705,0.00186705,0.00186705
4,65.0868,2.09629,13.0513,0.01325,0,0,0,0,1.85879,14.0773,0.01406,0.0019406,0.0019406,0.0019406
5,79.1723,1.6936,9.17266,0.0099,0,0,0,0,1.85879,14.0773,0.01406,0.0019208,0.0019208,0.0019208
6,91.8479,1.60931,8.0197,0.00797,0,0,0,0,2.52359,15.4546,0.01551,0.001901,0.001901,0.001901
7,105.454,1.75972,12.078,0.01337,0,0,0,0,2.52359,15.4546,0.01551,0.0018812,0.0018812,0.0018812
8,119.946,1.53278,11.1822,0.00899,0,0,0,0,1.43952,12.9451,0.01041,0.0018614,0.0018614,0.0018614
9,134.13,1.82859,7.8762,0.01126,0,0,0,0,1.43952,12.9451,0.01041,0.0018416,0.0018416,0.0018416
10,149.869,1.84178,8.38112,0.01042,0.00067,0.2,0.00015,4e-05,2.02571,13.4924,0.01051,0.0018218,0.0018218,0.0018218
11,171.502,1.156,6.69014,0.00587,0.00067,0.2,0.00015,4e-05,2.02571,13.4924,0.01051,0.001802,0.001802,0.001802
12,187.244,1.5238,8.65515,0.01044,0.00067,0.2,0.00015,4e-05,2.02571,13.4924,0.01051,0.0017822,0.0017822,0.0017822
13,202.218,1.69995,7.63955,0.00897,0.00333,1,0.995,0.28305,2.65551,13.7083,0.02042,0.0017624,0.0017624,0.0017624
14,218.656,1.88429,7.97005,0.01059,0.00333,1,0.995,0.28305,2.65551,13.7083,0.02042,0.0017426,0.0017426,0.0017426
15,237.527,1.69733,9.5823,0.01089,0.84135,1,0.995,0.48335,2.26728,11.4856,0.0172,0.0017228,0.0017228,0.0017228
16,251.466,1.40967,7.26337,0.00827,0.84135,1,0.995,0.48335,2.26728,11.4856,0.0172,0.001703,0.001703,0.001703
17,265.344,1.44278,7.00179,0.0108,0.49513,1,0.76643,0.55221,0.87676,9.01902,0.00552,0.0016832,0.0016832,0.0016832
18,279.925,1.42947,9.93095,0.01018,0.49513,1,0.76643,0.55221,0.87676,9.01902,0.00552,0.0016634,0.0016634,0.0016634
19,293.989,1.58524,6.70247,0.00911,0.9477,1,0.995,0.76296,1.02567,8.50562,0.00914,0.0016436,0.0016436,0.0016436
20,308.396,1.64394,7.31681,0.00953,0.9477,1,0.995,0.76296,1.02567,8.50562,0.00914,0.0016238,0.0016238,0.0016238
21,324.617,1.36035,6.59008,0.00732,0.93917,1,0.995,0.7641,1.10005,8.41241,0.00773,0.001604,0.001604,0.001604
22,343.899,1.4741,6.54577,0.00965,0.93917,1,0.995,0.7641,1.10005,8.41241,0.00773,0.0015842,0.0015842,0.0015842
23,359.369,1.53604,6.45486,0.00894,0.44304,0.79596,0.50167,0.37217,0.51311,7.94497,0.0037,0.0015644,0.0015644,0.0015644
24,374.21,1.12824,6.30828,0.00649,0.44304,0.79596,0.50167,0.37217,0.51311,7.94497,0.0037,0.0015446,0.0015446,0.0015446
25,391.61,1.17714,6.93609,0.00644,0.36515,0.6,0.55265,0.40482,0.95059,7.73259,0.00806,0.0015248,0.0015248,0.0015248
26,406.203,1.05692,6.57524,0.00701,0.36515,0.6,0.55265,0.40482,0.95059,7.73259,0.00806,0.001505,0.001505,0.001505
27,420.92,1.20707,7.23315,0.00747,0.36515,0.6,0.55265,0.40482,0.95059,7.73259,0.00806,0.0014852,0.0014852,0.0014852
28,436.644,1.04522,5.94075,0.00585,0.2546,0.6,0.51536,0.42773,0.6823,7.28607,0.00527,0.0014654,0.0014654,0.0014654
29,453.154,1.05625,6.28,0.00698,0.2546,0.6,0.51536,0.42773,0.6823,7.28607,0.00527,0.0014456,0.0014456,0.0014456
30,469.163,0.95949,5.11113,0.00493,0.428,0.8,0.83833,0.71567,0.59044,7.05564,0.00426,0.0014258,0.0014258,0.0014258
31,486.453,1.23161,5.28102,0.00697,0.428,0.8,0.83833,0.71567,0.59044,7.05564,0.00426,0.001406,0.001406,0.001406
32,501.742,1.23251,6.1735,0.0065,0.62253,1,0.88071,0.70482,0.51775,6.7816,0.00302,0.0013862,0.0013862,0.0013862
33,517.687,1.15658,5.90098,0.0066,0.62253,1,0.88071,0.70482,0.51775,6.7816,0.00302,0.0013664,0.0013664,0.0013664
34,533.606,1.24717,5.36115,0.00627,0.81296,1,0.995,0.84123,0.62406,6.53291,0.00317,0.0013466,0.0013466,0.0013466
35,547.673,1.17575,4.87514,0.00602,0.81296,1,0.995,0.84123,0.62406,6.53291,0.00317,0.0013268,0.0013268,0.0013268
36,562.552,1.34429,4.45283,0.00641,0.96136,1,0.995,0.87272,0.72479,5.92709,0.00341,0.001307,0.001307,0.001307
37,577.443,1.15754,4.07202,0.00619,0.96136,1,0.995,0.87272,0.72479,5.92709,0.00341,0.0012872,0.0012872,0.0012872
38,593.35,1.36008,4.8611,0.00707,0.9663,1,0.995,0.8802,0.73985,5.66247,0.00581,0.0012674,0.0012674,0.0012674
39,608.757,1.11741,4.98449,0.00632,0.9663,1,0.995,0.8802,0.73985,5.66247,0.00581,0.0012476,0.0012476,0.0012476
40,625.211,1.32901,5.79061,0.00886,0.95863,1,0.995,0.80569,0.85036,5.72596,0.00592,0.0012278,0.0012278,0.0012278
41,640.378,1.08717,5.2773,0.00686,0.95863,1,0.995,0.80569,0.85036,5.72596,0.00592,0.001208,0.001208,0.001208
42,654.351,1.06153,4.63228,0.00613,0.95863,1,0.995,0.80569,0.85036,5.72596,0.00592,0.0011882,0.0011882,0.0011882
43,669.172,1.12784,4.59811,0.00534,0.95755,1,0.995,0.73247,1.35115,6.12217,0.01011,0.0011684,0.0011684,0.0011684
44,684.149,1.20195,4.90283,0.00665,0.95755,1,0.995,0.73247,1.35115,6.12217,0.01011,0.0011486,0.0011486,0.0011486
45,698.794,1.19381,3.85979,0.00573,0.97334,1,0.995,0.71688,1.35919,6.00542,0.01096,0.0011288,0.0011288,0.0011288
46,716.638,1.12433,5.28906,0.00697,0.97334,1,0.995,0.71688,1.35919,6.00542,0.01096,0.001109,0.001109,0.001109
47,731.169,1.12039,4.47248,0.00654,0.97893,1,0.995,0.7992,0.90452,5.34702,0.00691,0.0010892,0.0010892,0.0010892
48,746.764,1.20818,4.87276,0.0079,0.97893,1,0.995,0.7992,0.90452,5.34702,0.00691,0.0010694,0.0010694,0.0010694
49,762.164,1.04985,4.72835,0.00637,0.98142,1,0.995,0.89814,0.45331,4.77882,0.00228,0.0010496,0.0010496,0.0010496
50,777.926,0.9402,4.29849,0.00606,0.98142,1,0.995,0.89814,0.45331,4.77882,0.00228,0.0010298,0.0010298,0.0010298
51,791.372,0.99413,3.89985,0.00575,0.98396,1,0.995,0.82928,0.76784,4.8967,0.00473,0.00101,0.00101,0.00101
52,805.707,1.14285,3.4902,0.00622,0.98396,1,0.995,0.82928,0.76784,4.8967,0.00473,0.0009902,0.0009902,0.0009902
53,819.356,1.00248,4.18576,0.00631,0.98379,1,0.995,0.80939,0.81969,4.88136,0.00582,0.0009704,0.0009704,0.0009704
54,833.312,1.19447,4.13283,0.00625,0.98379,1,0.995,0.80939,0.81969,4.88136,0.00582,0.0009506,0.0009506,0.0009506
55,848.865,1.15097,5.0638,0.00653,0.98417,1,0.995,0.8955,0.63226,4.66936,0.0048,0.0009308,0.0009308,0.0009308
56,865.668,0.89811,3.77408,0.00493,0.98417,1,0.995,0.8955,0.63226,4.66936,0.0048,0.000911,0.000911,0.000911
57,881.097,0.9006,4.59558,0.00607,0.98417,1,0.995,0.8955,0.63226,4.66936,0.0048,0.0008912,0.0008912,0.0008912
58,896.79,0.97878,4.43415,0.00636,0.98523,1,0.995,0.94525,0.52778,4.49813,0.00261,0.0008714,0.0008714,0.0008714
59,911.076,1.08842,4.92986,0.00593,0.98523,1,0.995,0.94525,0.52778,4.49813,0.00261,0.0008516,0.0008516,0.0008516
60,925.712,1.0872,3.99943,0.00593,0.98531,1,0.995,0.85365,0.91023,4.69737,0.00468,0.0008318,0.0008318,0.0008318
61,940.555,0.94308,3.83581,0.00495,0.98531,1,0.995,0.85365,0.91023,4.69737,0.00468,0.000812,0.000812,0.000812
62,958.713,1.10962,3.24144,0.00574,0.98527,1,0.995,0.85365,0.97106,4.68426,0.00502,0.0007922,0.0007922,0.0007922
63,975.102,0.95493,4.31085,0.00547,0.98527,1,0.995,0.85365,0.97106,4.68426,0.00502,0.0007724,0.0007724,0.0007724
64,989.661,0.92782,4.3395,0.00529,0.98512,1,0.995,0.8955,0.67748,4.44697,0.00355,0.0007526,0.0007526,0.0007526
65,1004.59,0.78237,4.25143,0.0048,0.98512,1,0.995,0.8955,0.67748,4.44697,0.00355,0.0007328,0.0007328,0.0007328
66,1019.34,0.98392,3.91347,0.00615,0.98461,1,0.995,0.995,0.239,4.13267,0.00133,0.000713,0.000713,0.000713
67,1034.36,0.97716,3.45925,0.00471,0.98461,1,0.995,0.995,0.239,4.13267,0.00133,0.0006932,0.0006932,0.0006932
68,1048.07,0.82398,4.04866,0.00479,0.98486,1,0.995,0.902,0.42571,4.19876,0.0022,0.0006734,0.0006734,0.0006734
69,1063.11,0.86765,4.46218,0.00444,0.98486,1,0.995,0.902,0.42571,4.19876,0.0022,0.0006536,0.0006536,0.0006536
70,1080.21,1.11737,4.8261,0.0068,0.98418,1,0.995,0.86548,0.68405,4.33274,0.00357,0.0006338,0.0006338,0.0006338
71,1096.92,1.15642,3.67521,0.00716,0.98418,1,0.995,0.86548,0.68405,4.33274,0.00357,0.000614,0.000614,0.000614
72,1113.34,1.19686,4.43936,0.00682,0.98418,1,0.995,0.86548,0.68405,4.33274,0.00357,0.0005942,0.0005942,0.0005942
73,1128.86,1.04671,3.2503,0.00477,0.98546,1,0.995,0.82883,0.7746,4.35558,0.00426,0.0005744,0.0005744,0.0005744
74,1144.23,1.20187,3.13004,0.00526,0.98546,1,0.995,0.82883,0.7746,4.35558,0.00426,0.0005546,0.0005546,0.0005546
75,1158.11,1.00143,3.73139,0.00577,0.98584,1,0.995,0.8505,0.72833,4.28296,0.00404,0.0005348,0.0005348,0.0005348
76,1172.93,1.01754,3.88825,0.00617,0.98584,1,0.995,0.8505,0.72833,4.28296,0.00404,0.000515,0.000515,0.000515
77,1187.55,0.87162,3.50907,0.00447,0.9861,1,0.995,0.8955,0.57512,4.13919,0.00333,0.0004952,0.0004952,0.0004952
78,1202.19,1.12723,3.44849,0.00578,0.9861,1,0.995,0.8955,0.57512,4.13919,0.00333,0.0004754,0.0004754,0.0004754
79,1217.78,0.82117,3.90271,0.00461,0.98605,1,0.995,0.945,0.33563,3.93119,0.00223,0.0004556,0.0004556,0.0004556
80,1233.74,0.84744,3.17257,0.00451,0.98605,1,0.995,0.945,0.33563,3.93119,0.00223,0.0004358,0.0004358,0.0004358
81,1249.55,0.78865,2.91148,0.00423,0.9866,1,0.995,0.995,0.15879,3.7501,0.00112,0.000416,0.000416,0.000416
82,1265.06,1.10968,3.24532,0.00564,0.9866,1,0.995,0.995,0.15879,3.7501,0.00112,0.0003962,0.0003962,0.0003962
83,1278.37,0.82723,2.81215,0.00417,0.98699,1,0.995,0.995,0.28151,3.76753,0.00123,0.0003764,0.0003764,0.0003764
84,1292.33,0.95337,3.57452,0.00608,0.98699,1,0.995,0.995,0.28151,3.76753,0.00123,0.0003566,0.0003566,0.0003566
85,1306.99,0.79939,3.84042,0.00449,0.98733,1,0.995,0.94525,0.42372,3.81748,0.00183,0.0003368,0.0003368,0.0003368
86,1321.95,0.90102,2.87522,0.0046,0.98733,1,0.995,0.94525,0.42372,3.81748,0.00183,0.000317,0.000317,0.000317
87,1336.27,0.79084,3.15841,0.00381,0.98733,1,0.995,0.94525,0.42372,3.81748,0.00183,0.0002972,0.0002972,0.0002972
88,1351.2,1.09972,3.271,0.00474,0.9878,1,0.995,0.94525,0.50275,3.83306,0.00233,0.0002774,0.0002774,0.0002774
89,1366.26,0.94754,3.68914,0.00563,0.9878,1,0.995,0.94525,0.50275,3.83306,0.00233,0.0002576,0.0002576,0.0002576
90,1380.67,1.03918,3.04522,0.00525,0.98798,1,0.995,0.94525,0.53889,3.82657,0.00263,0.0002378,0.0002378,0.0002378
91,1395.28,0.84475,3.9974,0.00601,0.98798,1,0.995,0.94525,0.53889,3.82657,0.00263,0.000218,0.000218,0.000218
92,1409.15,0.79191,4.03276,0.00566,0.98776,1,0.995,0.94525,0.5344,3.82444,0.00292,0.0001982,0.0001982,0.0001982
93,1423.15,0.84167,3.92197,0.00613,0.98776,1,0.995,0.94525,0.5344,3.82444,0.00292,0.0001784,0.0001784,0.0001784
94,1437.32,0.86009,4.03389,0.00643,0.98767,1,0.995,0.9273,0.50204,3.81988,0.00289,0.0001586,0.0001586,0.0001586
95,1453.42,0.76402,4.00746,0.00597,0.98767,1,0.995,0.9273,0.50204,3.81988,0.00289,0.0001388,0.0001388,0.0001388
96,1468.21,0.67024,4.25671,0.00465,0.9875,1,0.995,0.9273,0.45517,3.79914,0.00268,0.000119,0.000119,0.000119
97,1484.47,0.90928,4.03123,0.00631,0.9875,1,0.995,0.9273,0.45517,3.79914,0.00268,9.92e-05,9.92e-05,9.92e-05
98,1499.3,0.81327,4.02823,0.00651,0.98766,1,0.995,0.91533,0.40353,3.77193,0.00243,7.94e-05,7.94e-05,7.94e-05
99,1514.11,0.82395,3.89453,0.00498,0.98766,1,0.995,0.91533,0.40353,3.77193,0.00243,5.96e-05,5.96e-05,5.96e-05
100,1530.25,0.73939,3.99806,0.0047,0.98742,1,0.995,0.94012,0.36719,3.75057,0.00221,3.98e-05,3.98e-05,3.98e-05
